.\data\kevin\0.pgm,1,kevin
.\data\kevin\1.pgm,1,kevin
.\data\kevin\2.pgm,1,kevin
.\data\kevin\3.pgm,1,kevin
.\data\kevin\4.pgm,1,kevin
.\data\kevin\5.pgm,1,kevin
.\data\kevin\6.pgm,1,kevin
.\data\kevin\7.pgm,1,kevin
.\data\kevin\8.pgm,1,kevin
.\data\kevin\9.pgm,1,kevin
.\data\kevin\10.pgm,1,kevin
.\data\kevin\11.pgm,1,kevin
.\data\kevin\12.pgm,1,kevin
.\data\kevin\13.pgm,1,kevin
.\data\kevin\14.pgm,1,kevin
.\data\kevin\15.pgm,1,kevin
.\data\kevin\16.pgm,1,kevin
.\data\kevin\17.pgm,1,kevin
.\data\kevin\18.pgm,1,kevin
.\data\kevin\19.pgm,1,kevin
.\data\kevin\20.pgm,1,kevin
.\data\kevin\21.pgm,1,kevin
.\data\kevin\22.pgm,1,kevin
.\data\kevin\23.pgm,1,kevin
.\data\kevin\24.pgm,1,kevin
.\data\kevin\25.pgm,1,kevin
.\data\kevin\26.pgm,1,kevin
.\data\kevin\27.pgm,1,kevin
.\data\kevin\28.pgm,1,kevin
.\data\kevin\29.pgm,1,kevin
.\data\kevin\30.pgm,1,kevin
.\data\kevin\31.pgm,1,kevin
.\data\kevin\32.pgm,1,kevin
.\data\kevin\33.pgm,1,kevin
.\data\kevin\34.pgm,1,kevin
.\data\kevin\35.pgm,1,kevin
.\data\kevin\36.pgm,1,kevin
.\data\kevin\37.pgm,1,kevin
.\data\kevin\38.pgm,1,kevin
.\data\kevin\39.pgm,1,kevin
.\data\kevin\40.pgm,1,kevin
.\data\kevin\41.pgm,1,kevin
.\data\kevin\42.pgm,1,kevin
.\data\kevin\43.pgm,1,kevin
.\data\kevin\44.pgm,1,kevin
.\data\kevin\45.pgm,1,kevin
.\data\kevin\46.pgm,1,kevin
.\data\kevin\47.pgm,1,kevin
.\data\kevin\48.pgm,1,kevin
.\data\kevin\49.pgm,1,kevin
.\data\kevin\50.pgm,1,kevin
.\data\kevin\51.pgm,1,kevin
.\data\kevin\52.pgm,1,kevin
.\data\kevin\53.pgm,1,kevin
.\data\kevin\54.pgm,1,kevin
.\data\kevin\55.pgm,1,kevin
.\data\kevin\56.pgm,1,kevin
.\data\kevin\57.pgm,1,kevin
.\data\kevin\58.pgm,1,kevin
.\data\kevin\59.pgm,1,kevin
.\data\kevin\60.pgm,1,kevin
.\data\kevin\61.pgm,1,kevin
.\data\kevin\62.pgm,1,kevin
.\data\kevin\63.pgm,1,kevin
.\data\kevin\64.pgm,1,kevin
.\data\kevin\65.pgm,1,kevin
.\data\kevin\66.pgm,1,kevin
.\data\kevin\67.pgm,1,kevin
.\data\kevin\68.pgm,1,kevin
.\data\kevin\69.pgm,1,kevin
.\data\kevin\70.pgm,1,kevin
.\data\kevin\71.pgm,1,kevin
.\data\kevin\72.pgm,1,kevin
.\data\kevin\73.pgm,1,kevin
.\data\kevin\74.pgm,1,kevin
.\data\kevin\75.pgm,1,kevin
.\data\kevin\76.pgm,1,kevin
.\data\kevin\77.pgm,1,kevin
.\data\kevin\78.pgm,1,kevin
.\data\kevin\79.pgm,1,kevin
.\data\kevin\80.pgm,1,kevin
.\data\kevin\81.pgm,1,kevin
.\data\kevin\82.pgm,1,kevin
.\data\kevin\83.pgm,1,kevin
.\data\kevin\84.pgm,1,kevin
.\data\kevin\85.pgm,1,kevin
.\data\kevin\86.pgm,1,kevin
.\data\kevin\87.pgm,1,kevin
.\data\kevin\88.pgm,1,kevin
.\data\kevin\89.pgm,1,kevin
.\data\kevin\90.pgm,1,kevin
.\data\kevin\91.pgm,1,kevin
.\data\kevin\92.pgm,1,kevin
.\data\kevin\93.pgm,1,kevin
.\data\kevin\94.pgm,1,kevin
.\data\kevin\95.pgm,1,kevin
.\data\kevin\96.pgm,1,kevin
.\data\kevin\97.pgm,1,kevin
.\data\kevin\98.pgm,1,kevin
.\data\kevin\99.pgm,1,kevin
.\data\kevin\100.pgm,1,kevin
.\data\kevin\101.pgm,1,kevin
.\data\kevin\102.pgm,1,kevin
.\data\kevin\103.pgm,1,kevin
.\data\kevin\104.pgm,1,kevin
.\data\kevin\105.pgm,1,kevin
.\data\kevin\106.pgm,1,kevin
.\data\kevin\107.pgm,1,kevin
.\data\kevin\108.pgm,1,kevin
.\data\kevin\109.pgm,1,kevin
.\data\kevin\110.pgm,1,kevin
.\data\kevin\111.pgm,1,kevin
.\data\kevin\112.pgm,1,kevin
.\data\kevin\113.pgm,1,kevin
.\data\kevin\114.pgm,1,kevin
.\data\kevin\115.pgm,1,kevin
.\data\kevin\116.pgm,1,kevin
.\data\kevin\117.pgm,1,kevin
.\data\kevin\118.pgm,1,kevin
.\data\kevin\119.pgm,1,kevin
.\data\kevin\120.pgm,1,kevin
.\data\kevin\121.pgm,1,kevin
.\data\kevin\122.pgm,1,kevin
.\data\kevin\123.pgm,1,kevin
.\data\kevin\124.pgm,1,kevin
.\data\kevin\125.pgm,1,kevin
.\data\kevin\126.pgm,1,kevin
.\data\kevin\127.pgm,1,kevin
.\data\kevin\128.pgm,1,kevin
.\data\kevin\129.pgm,1,kevin
.\data\kevin\130.pgm,1,kevin
.\data\kevin\131.pgm,1,kevin
.\data\kevin\132.pgm,1,kevin
.\data\kevin\133.pgm,1,kevin
.\data\kevin\134.pgm,1,kevin
.\data\kevin\135.pgm,1,kevin
.\data\kevin\136.pgm,1,kevin
.\data\kevin\137.pgm,1,kevin
.\data\kevin\138.pgm,1,kevin
.\data\kevin\139.pgm,1,kevin
.\data\kevin\140.pgm,1,kevin
.\data\kevin\141.pgm,1,kevin
.\data\kevin\142.pgm,1,kevin
.\data\kevin\143.pgm,1,kevin
.\data\kevin\144.pgm,1,kevin
.\data\kevin\145.pgm,1,kevin
.\data\kevin\146.pgm,1,kevin
.\data\kevin\147.pgm,1,kevin
.\data\kevin\148.pgm,1,kevin
.\data\kevin\149.pgm,1,kevin
.\data\kevin\150.pgm,1,kevin
.\data\kevin\151.pgm,1,kevin
.\data\kevin\152.pgm,1,kevin
.\data\kevin\153.pgm,1,kevin
.\data\kevin\154.pgm,1,kevin
.\data\kevin\155.pgm,1,kevin
.\data\kevin\156.pgm,1,kevin
.\data\kevin\157.pgm,1,kevin
.\data\kevin\158.pgm,1,kevin
.\data\kevin\159.pgm,1,kevin
.\data\kevin\160.pgm,1,kevin
.\data\kevin\161.pgm,1,kevin
.\data\kevin\162.pgm,1,kevin
.\data\kevin\163.pgm,1,kevin
.\data\kevin\164.pgm,1,kevin
.\data\kevin\165.pgm,1,kevin
.\data\kevin\166.pgm,1,kevin
.\data\kevin\167.pgm,1,kevin
.\data\kevin\168.pgm,1,kevin
.\data\kevin\169.pgm,1,kevin
.\data\kevin\170.pgm,1,kevin
.\data\kevin\171.pgm,1,kevin
.\data\kevin\172.pgm,1,kevin
.\data\kevin\173.pgm,1,kevin
.\data\kevin\174.pgm,1,kevin
.\data\kevin\175.pgm,1,kevin
.\data\kevin\176.pgm,1,kevin
.\data\kevin\177.pgm,1,kevin
.\data\kevin\178.pgm,1,kevin
.\data\kevin\179.pgm,1,kevin
.\data\kevin\180.pgm,1,kevin
.\data\kevin\181.pgm,1,kevin
.\data\kevin\182.pgm,1,kevin
.\data\kevin\183.pgm,1,kevin
.\data\kevin\184.pgm,1,kevin
.\data\kevin\185.pgm,1,kevin
.\data\kevin\186.pgm,1,kevin
.\data\kevin\187.pgm,1,kevin
.\data\kevin\188.pgm,1,kevin
.\data\kevin\189.pgm,1,kevin
.\data\kevin\190.pgm,1,kevin
.\data\kevin\191.pgm,1,kevin
.\data\kevin\192.pgm,1,kevin
.\data\kevin\193.pgm,1,kevin
.\data\kevin\194.pgm,1,kevin
.\data\kevin\195.pgm,1,kevin
.\data\kevin\196.pgm,1,kevin
.\data\kevin\197.pgm,1,kevin
.\data\kevin\198.pgm,1,kevin
.\data\kevin\199.pgm,1,kevin
.\data\yiyi\0.pgm,2,yiyi
.\data\yiyi\1.pgm,2,yiyi
.\data\yiyi\2.pgm,2,yiyi
.\data\yiyi\3.pgm,2,yiyi
.\data\yiyi\4.pgm,2,yiyi
.\data\yiyi\5.pgm,2,yiyi
.\data\yiyi\6.pgm,2,yiyi
.\data\yiyi\7.pgm,2,yiyi
.\data\yiyi\8.pgm,2,yiyi
.\data\yiyi\9.pgm,2,yiyi
.\data\yiyi\10.pgm,2,yiyi
.\data\yiyi\11.pgm,2,yiyi
.\data\yiyi\12.pgm,2,yiyi
.\data\yiyi\13.pgm,2,yiyi
.\data\yiyi\14.pgm,2,yiyi
.\data\yiyi\15.pgm,2,yiyi
.\data\yiyi\16.pgm,2,yiyi
.\data\yiyi\17.pgm,2,yiyi
.\data\yiyi\18.pgm,2,yiyi
.\data\yiyi\19.pgm,2,yiyi
.\data\yiyi\20.pgm,2,yiyi
.\data\yiyi\21.pgm,2,yiyi
.\data\yiyi\22.pgm,2,yiyi
.\data\yiyi\23.pgm,2,yiyi
.\data\yiyi\24.pgm,2,yiyi
.\data\yiyi\25.pgm,2,yiyi
.\data\yiyi\26.pgm,2,yiyi
.\data\yiyi\27.pgm,2,yiyi
.\data\yiyi\28.pgm,2,yiyi
.\data\yiyi\29.pgm,2,yiyi
.\data\yiyi\30.pgm,2,yiyi
.\data\yiyi\31.pgm,2,yiyi
.\data\yiyi\32.pgm,2,yiyi
.\data\yiyi\33.pgm,2,yiyi
.\data\yiyi\34.pgm,2,yiyi
.\data\yiyi\35.pgm,2,yiyi
.\data\yiyi\36.pgm,2,yiyi
.\data\yiyi\37.pgm,2,yiyi
.\data\yiyi\38.pgm,2,yiyi
.\data\yiyi\39.pgm,2,yiyi
.\data\yiyi\40.pgm,2,yiyi
.\data\yiyi\41.pgm,2,yiyi
.\data\yiyi\42.pgm,2,yiyi
.\data\yiyi\43.pgm,2,yiyi
.\data\yiyi\44.pgm,2,yiyi
.\data\yiyi\45.pgm,2,yiyi
.\data\yiyi\46.pgm,2,yiyi
.\data\yiyi\47.pgm,2,yiyi
.\data\yiyi\48.pgm,2,yiyi
.\data\yiyi\49.pgm,2,yiyi
.\data\yiyi\50.pgm,2,yiyi
.\data\yiyi\51.pgm,2,yiyi
.\data\yiyi\52.pgm,2,yiyi
.\data\yiyi\53.pgm,2,yiyi
.\data\yiyi\54.pgm,2,yiyi
.\data\yiyi\55.pgm,2,yiyi
.\data\yiyi\56.pgm,2,yiyi
.\data\yiyi\57.pgm,2,yiyi
.\data\yiyi\58.pgm,2,yiyi
.\data\yiyi\59.pgm,2,yiyi
.\data\yiyi\60.pgm,2,yiyi
.\data\yiyi\61.pgm,2,yiyi
.\data\yiyi\62.pgm,2,yiyi
.\data\yiyi\63.pgm,2,yiyi
.\data\yiyi\64.pgm,2,yiyi
.\data\yiyi\65.pgm,2,yiyi
.\data\yiyi\66.pgm,2,yiyi
.\data\yiyi\67.pgm,2,yiyi
.\data\yiyi\68.pgm,2,yiyi
.\data\yiyi\69.pgm,2,yiyi
.\data\yiyi\70.pgm,2,yiyi
.\data\yiyi\71.pgm,2,yiyi
.\data\yiyi\72.pgm,2,yiyi
.\data\yiyi\73.pgm,2,yiyi
.\data\yiyi\74.pgm,2,yiyi
.\data\yiyi\75.pgm,2,yiyi
.\data\yiyi\76.pgm,2,yiyi
.\data\yiyi\77.pgm,2,yiyi
.\data\yiyi\78.pgm,2,yiyi
.\data\yiyi\79.pgm,2,yiyi
.\data\yiyi\80.pgm,2,yiyi
.\data\yiyi\81.pgm,2,yiyi
.\data\yiyi\82.pgm,2,yiyi
.\data\yiyi\83.pgm,2,yiyi
.\data\yiyi\84.pgm,2,yiyi
.\data\yiyi\85.pgm,2,yiyi
.\data\yiyi\86.pgm,2,yiyi
.\data\yiyi\87.pgm,2,yiyi
.\data\yiyi\88.pgm,2,yiyi
.\data\yiyi\89.pgm,2,yiyi
.\data\yiyi\90.pgm,2,yiyi
.\data\yiyi\91.pgm,2,yiyi
.\data\yiyi\92.pgm,2,yiyi
.\data\yiyi\93.pgm,2,yiyi
.\data\yiyi\94.pgm,2,yiyi
.\data\yiyi\95.pgm,2,yiyi
.\data\yiyi\96.pgm,2,yiyi
.\data\yiyi\97.pgm,2,yiyi
.\data\yiyi\98.pgm,2,yiyi
.\data\yiyi\99.pgm,2,yiyi
